{
    "user": [
        {
            "img": "images/venator/bg.png",
            "name": "bg",
            "type": "sprite",
            "x": 640,
            "y": 240
        },
        {
            "img": "images/venator/center.png",
            "name": "center",
            "type": "sprite",
            "x": 640,
            "y": 240
        },
        {
            "img": "images/venator/fonts_trans.png",
            "name": "trans",
            "type": "text",
            "x": 640,
            "y": 240
        },
        {
            "img": "images/venator/taho.png",
            "name": "tahometer",
            "type": "sprite",
            "x": 270,
            "y": 240
        },
        {
            "img": "images/venator/green.png",
            "name": "tahometer_green",
            "type": "sprite",
            "x": 270,
            "y": 240
        },
        {
            "img": "images/venator/red.png",
            "name": "tahometer_red",
            "type": "sprite",
            "x": 270,
            "y": 240
        },
        {
            "img": "images/venator/arrow0.png",
            "name": "taho_arrow",
            "type": "rotate",
            "x": 270,
            "y": 240
        },
        {
            "img": "images/venator/circle0.png",
            "name": "tahometer_center",
            "type": "sprite",
            "x": 270,
            "y": 240
        },
        {
            "img": "images/venator/speed.png",
            "name": "speedometer",
            "type": "sprite",
            "x": 1010,
            "y": 240
        },
        {
            "img": "images/venator/red.png",
            "name": "speedometer_red",
            "type": "sprite",
            "x": 1010,
            "y": 240
        },
        {
            "img": "images/venator/arrow0.png",
            "name": "speed_arrow",
            "type": "rotate",
            "x": 1010,
            "y": 240
        },
        {
            "img": "images/venator/circle0.png",
            "name": "speedometer_center",
            "type": "sprite",
            "x": 1010,
            "y": 240
        },
        {
            "img": "images/venator/fuel.png",
            "name": "fuel",
            "type": "bar",
            "x": 470,
            "y": 240
        },
        {
            "img": "images/venator/temp.png",
            "name": "temp",
            "type": "bar",
            "x": 810,
            "y": 240
        },
        {
            "img": "images/lamp_far.png",
            "name": "lamp_far",
            "type": "sprite",
            "x": 620,
            "y": 60
        },
        {
            "img": "images/lamp_parking_lights.png",
            "name": "lamp_lights",
            "type": "sprite",
            "x": 660,
            "y": 60
        },
        {
            "img": "images/lamp_fog.png",
            "name": "lamp_fog_front",
            "type": "sprite",
            "x": 580,
            "y": 60
        },
        {
            "img": "images/lamp_rear_fog.png",
            "name": "lamp_fog_rear",
            "type": "sprite",
            "x": 700,
            "y": 60
        },
        {
            "img": "images/lamp_door1.png",
            "name": "lamp_door1",
            "type": "sprite",
            "x": 740,
            "y": 60
        },
        {
            "img": "images/lamp_door2.png",
            "name": "lamp_door2",
            "type": "sprite",
            "x": 740,
            "y": 60
        },
        {
            "img": "images/lamp_door3.png",
            "name": "lamp_door3",
            "type": "sprite",
            "x": 740,
            "y": 60
        },
        {
            "img": "images/lamp_door4.png",
            "name": "lamp_door4",
            "type": "sprite",
            "x": 740,
            "y": 60
        },
        {
            "img": "images/lamp_trunk.png",
            "name": "lamp_trunk",
            "type": "sprite",
            "x": 780,
            "y": 60
        },
        {
            "img": "images/lamp_belt.png",
            "name": "lamp_belt",
            "type": "sprite",
            "x": 500,
            "y": 60
        },
        {
            "img": "images/lamp_left.png",
            "name": "lamp_left",
            "type": "sprite",
            "x": 440,
            "y": 65
        },
        {
            "img": "images/lamp_right.png",
            "name": "lamp_right",
            "type": "sprite",
            "x": 840,
            "y": 65
        },
        {
            "img": "images/lamp_oil.png",
            "name": "lamp_oil",
            "type": "sprite",
            "x": 620,
            "y": 415
        },
        {
            "img": "images/lamp_battery.png",
            "name": "lamp_battery",
            "type": "sprite",
            "x": 660,
            "y": 415
        },
        {
            "img": "images/lamp_brake.png",
            "name": "lamp_brake",
            "type": "sprite",
            "x": 570,
            "y": 415
        },
        {
            "img": "images/lamp_airbag.png",
            "name": "lamp_airbag",
            "type": "sprite",
            "x": 710,
            "y": 415
        },
        {
            "img": "images/lamp_abs.png",
            "name": "lamp_abs",
            "type": "sprite",
            "x": 520,
            "y": 415
        },
        {
            "img": "images/lamp_immo.png",
            "name": "lamp_immo",
            "type": "sprite",
            "x": 760,
            "y": 415
        },
        {
            "img": "images/lamp_temp_engine.png",
            "name": "lamp_temp",
            "type": "sprite",
            "x": 470,
            "y": 415
        },
        {
            "img": "images/lamp_engine.png",
            "name": "lamp_engine",
            "type": "sprite",
            "x": 810,
            "y": 415
        },
        {
            "img": "images/lamp_fuel.png",
            "name": "lamp_fuel",
            "type": "sprite",
            "x": 420,
            "y": 415
        },
        {
            "img": "images/lamp_wiper.png",
            "name": "lamp_wiper",
            "type": "sprite",
            "x": 860,
            "y": 415
        },
        {
            "img": "images/lamp_hood.png",
            "name": "lamp_user1",
            "type": "sprite",
            "x": 100,
            "y": 440
        },
        {
            "img": "images/lamp_break.png",
            "name": "lamp_user2",
            "type": "sprite",
            "x": 160,
            "y": 440
        },
        {
            "img": "images/lamp_esp.png",
            "name": "lamp_user3",
            "type": "sprite",
            "x": 1180,
            "y": 440
        },
        {
            "img": "images/lamp_parking.png",
            "name": "lamp_user4",
            "type": "sprite",
            "x": 1120,
            "y": 440
        },
        {
            "img": "images/cpu.png",
            "name": "cpu",
            "type": "sprite",
            "x": 1230,
            "y": 20
        },
        {
            "img": "images/fonts_cpu.png",
            "name": "cpu",
            "type": "text",
            "x": 1262,
            "y": 20
        },
        {
            "img": "images/fps.png",
            "name": "fps",
            "type": "sprite",
            "x": 1230,
            "y": 40
        },
        {
            "img": "images/fonts_cpu.png",
            "name": "fps",
            "type": "text",
            "x": 1260,
            "y": 40
        },
        {
            "img": "images/temp.png",
            "name": "temp",
            "type": "sprite",
            "x": 1237,
            "y": 60
        },
        {
            "img": "images/fonts_cpu.png",
            "name": "temp",
            "type": "text",
            "x": 1249,
            "y": 60
        }
    ]
}
